HREF,linkText,About,Contact,Team,Investor,Product,Career,News,ECommerce,Resources,Pricing,Social,Portal,Legal,Metanames,Language,Copyright,Blog,Exclude
https://allaccessequipment.com/,,No,No,No,No,No,No,No,No,No,No,No,No,No,No,No,No,No,No
https://www.allaccessequipment.com/cmc-tracked-aerial-lifts,CMC Tracked Aerial Lifts,No,No,No,No,No,No,No,No,No,No,No,No,No,No,No,No,No,No
https://www.allaccessequipment.com/transportation,Trailers & Truck Mounts,No,No,No,No,No,No,No,No,No,No,No,No,No,No,No,No,No,No
https://www.allaccessequipment.com/carlton-stump-grinders-chippers,Carlton Stump Grinders & Chippers,No,No,No,No,No,No,No,No,No,No,No,No,No,No,No,No,No,No
https://www.allaccessequipment.com/current-offers,Current Offers,No,No,No,No,No,No,No,No,No,Yes,No,No,No,No,No,No,No,No
https://www.allaccessequipment.com/industries,Industries,No,No,No,No,No,No,No,No,No,No,No,No,No,No,No,No,No,No
https://www.allaccessequipment.com/arbor-pro-series,Tree Care,No,No,No,No,No,No,No,No,No,No,No,No,No,No,No,No,No,No
https://www.allaccessequipment.com/light-duty-series,Building Maintenance,No,No,No,No,No,No,No,No,No,No,No,No,No,No,No,No,No,No
https://www.allaccessequipment.com/municipality,Municipality,No,No,No,No,No,No,No,No,No,No,No,No,No,No,No,No,No,No
https://www.allaccessequipment.com/f-series,Rental,No,No,No,No,No,No,No,No,No,No,No,No,No,No,No,No,No,No
https://www.allaccessequipment.com/about-us,About Us,Yes,No,No,No,No,No,No,No,No,No,No,No,No,No,No,No,No,No
https://www.cmclift.com/en/,CMC Lift,No,No,No,No,No,No,No,No,No,No,No,No,No,No,No,No,No,No
https://www.allaccessequipment.com/service,Service,No,No,No,No,Yes,No,No,No,No,No,No,No,No,No,No,No,No,No
https://www.allaccessequipment.com/parts,Parts,No,No,No,No,No,No,No,No,No,No,No,No,No,No,No,No,No,No
https://www.allaccessequipment.com/dealers,Dealers,No,No,No,No,No,No,No,No,No,Yes,No,No,No,No,No,No,No,No
https://www.allaccessequipment.com/financing,Financing,No,No,No,No,No,No,No,No,No,No,No,No,No,No,No,No,No,No
https://www.allaccessequipment.com/events,Events,No,No,No,No,No,No,No,No,No,No,No,No,No,No,No,No,Yes,No
https://www.allaccessequipment.com/press,Press,No,No,No,No,No,No,Yes,No,No,No,No,No,No,No,No,No,No,No
https://www.allaccessequipment.com/careers,Careers,No,No,No,No,No,Yes,No,No,No,No,No,No,No,No,No,No,No,No
https://www.allaccessequipment.com/contact-us,Contact,No,Yes,No,No,No,No,No,No,No,No,No,No,No,No,No,No,No,No
https://www.allaccessequipment.com/quote-request-pt,Get A Quote,No,Yes,No,No,No,No,No,No,No,No,No,No,No,No,No,No,No,No
https://www.allaccessequipment.com/industries,LEARN MORE,No,No,No,No,No,No,No,No,No,No,No,No,No,No,No,No,No,No
https://www.allaccessequipment.com/quote-request-pt,GET A QUOTE,No,Yes,No,No,No,No,No,No,No,No,No,No,No,No,No,No,No,No
https://www.allaccessequipment.com/#w-tabs-0-data-w-pane-0,Arbor Pro Series,No,No,No,No,No,No,No,No,No,No,No,No,No,No,No,No,No,No
https://www.allaccessequipment.com/#w-tabs-0-data-w-pane-1,HD Series,No,No,No,No,No,No,No,No,No,No,No,No,No,No,No,No,No,No
https://www.allaccessequipment.com/#w-tabs-0-data-w-pane-2,L - Series,No,No,No,No,No,No,No,No,No,No,No,No,No,No,No,No,No,No
https://www.allaccessequipment.com/#w-tabs-0-data-w-pane-3,F - Series,No,No,No,No,No,No,No,No,No,No,No,No,No,No,No,No,No,No
https://www.allaccessequipment.com/#w-tabs-0-data-w-pane-4,INSULATED,No,No,No,No,No,No,No,No,No,No,No,No,No,No,No,No,No,No
https://www.allaccessequipment.com/cmc/60hd-arbor-pro,60HD+ Arbor Pro,No,No,No,No,No,No,No,No,No,No,No,No,No,No,No,No,No,No
https://www.allaccessequipment.com/cmc/72hd-arbor-pro,72HD+ Arbor Pro,No,No,No,No,No,No,No,No,No,No,No,No,No,No,No,No,No,No
https://www.allaccessequipment.com/cmc/83hd-arbor-pro,83HD+ Arbor Pro,No,No,No,No,No,No,No,No,No,No,No,No,No,No,No,No,No,No
https://www.allaccessequipment.com/cmc/92hd-arbor-pro,92HD+ Arbor Pro,No,No,No,No,No,No,No,No,No,No,No,No,No,No,No,No,No,No
https://www.allaccessequipment.com/cmc/105hd,105HD+,No,No,No,No,No,No,No,No,No,No,No,No,No,No,No,No,No,No
https://www.allaccessequipment.com/cmc/50l,50L,No,No,No,No,No,No,No,No,No,No,No,No,No,No,No,No,No,No
https://www.allaccessequipment.com/cmc/60l,60L,No,No,No,No,No,No,No,No,No,No,No,No,No,No,No,No,No,No
https://www.allaccessequipment.com/cmc/75l,75L,No,No,No,No,No,No,No,No,No,No,No,No,No,No,No,No,No,No
https://www.allaccessequipment.com/cmc/42f,42F,No,No,No,No,No,No,No,No,No,No,No,No,No,No,No,No,No,No
https://www.allaccessequipment.com/cmc/50f,50F,No,No,No,No,No,No,No,No,No,No,No,No,No,No,No,No,No,No
https://www.allaccessequipment.com/cmc/60f,60F,No,No,No,No,No,No,No,No,No,No,No,No,No,No,No,No,No,No
https://www.allaccessequipment.com/cmc/75i,75i,No,No,No,No,No,No,No,No,No,No,No,No,No,No,No,No,No,No
https://www.allaccessequipment.com/arbor-pro-series,LEARN MORE,No,No,No,No,No,No,No,No,No,No,No,No,No,No,No,No,No,No
https://www.allaccessequipment.com/light-duty-series,LEARN MORE,No,No,No,No,No,No,No,No,No,No,No,No,No,No,No,No,No,No
https://www.allaccessequipment.com/f-series,LEARN MORE,No,No,No,No,No,No,No,No,No,No,No,No,No,No,No,No,No,No
https://www.allaccessequipment.com/municipality,LEARN MORE,No,No,No,No,No,No,No,No,No,No,No,No,No,No,No,No,No,No
https://www.allaccessequipment.com/cmc-lift-series,BROWSE THE CMC LIFT SERIES,No,No,No,No,No,No,No,No,No,No,No,No,No,No,No,No,No,No
https://www.allaccessequipment.com/carlton-stump-grinders-chippers,BROWSE ALL MODELS,No,No,No,No,No,No,No,No,No,No,No,No,No,No,No,No,No,No
https://www.allaccessequipment.com/about-us,LEARN MORE,Yes,No,No,No,No,No,No,No,No,No,No,No,No,No,No,No,No,No
https://www.cmclift.com/en/,,No,No,No,No,No,No,No,No,No,No,No,No,No,No,No,No,No,No
https://apfinancing.com/,,No,No,No,No,No,No,No,No,No,No,No,No,No,No,No,No,No,No
https://www.tcia.org/,,No,No,No,No,No,No,No,No,No,No,No,No,No,No,No,No,No,No
https://www.arbormaster.com/,,No,No,No,No,No,No,No,No,No,No,No,No,No,No,No,No,No,No
https://www.isa-arbor.com/,,No,No,No,No,No,No,No,No,No,No,No,No,No,No,No,No,No,No
https://www.ipaf.org/en,,No,No,No,No,No,No,No,No,No,No,No,No,No,No,No,No,No,No
https://www.stumpcutters.com/,,No,No,No,No,No,No,No,No,No,No,No,No,No,No,No,No,No,No
https://www.ararental.org/,,No,No,No,No,No,No,No,No,No,No,No,No,No,No,No,No,No,No
https://www.allaccessequipment.com/about-us,VIEW OUR AFFILIATIONS,Yes,No,No,No,No,No,No,No,No,No,No,No,No,No,No,No,No,No
mailto:sales@allaccessequipment.com,sales@allaccessequipment.com,No,No,No,No,No,No,No,No,No,No,No,No,No,No,No,No,No,No
tel:9787124950,(978) 712-4950,No,No,No,No,No,No,No,No,No,No,No,No,No,No,No,No,No,No
https://www.allaccessequipment.com/contact-us,contact form inquiry.,No,Yes,No,No,No,No,No,No,No,No,No,No,No,No,No,No,No,No
mailto:sales@allaccessequipment.com,sales@allaccessequipment.com,No,No,No,No,No,No,No,No,No,No,No,No,No,No,No,No,No,No
tel:978-712-4950,(978) 712-4950,No,No,No,No,No,No,No,No,No,No,No,No,No,No,No,No,No,No
tel:(781)222-0096,(781) 222-0096,No,No,No,No,No,No,No,No,No,No,No,No,No,No,No,No,No,No
mailto:service@allaccessequipment.com,service@allaccessequipment.com,No,No,No,No,Yes,No,No,No,No,No,No,No,No,No,No,No,No,No
https://www.allaccessequipment.com/frequently-asked-questions,VIEW OUR FULL FAQ,No,No,No,No,No,No,No,No,Yes,No,No,No,No,No,No,No,No,No
https://www.allaccessequipment.com/current-offers/under-cdl-custom-log-grapple-truck-mount,Under CDL Custom Log Grapple Truck MountThis is a seriously capable log truck and tracked lift carrier that is easy to drive. Equipped with a very powerful 310 HP V8 Chevy engine,No,No,No,No,No,No,No,No,No,Yes,No,No,No,No,No,No,No,No
https://www.allaccessequipment.com/press,BROWSE ALL POSTS,No,No,No,No,No,No,Yes,No,No,No,No,No,No,No,No,No,No,No
https://www.allaccessequipment.com/post/broken-trailer-hitches,Broken Trailer HitchesA customer story involving a broken trailer hitch. READ MORE,Yes,No,No,No,No,No,No,No,No,No,No,No,No,No,No,No,No,No
https://www.allaccessequipment.com/post/upcoming-tradeshows-winter-2023,Upcoming Tradeshows Winter 2023See which upcoming tradeshows we'll be attending!READ MORE,No,No,No,No,No,No,No,No,No,No,No,No,No,No,No,No,No,No
https://www.allaccessequipment.com/post/top-10-cold-weather-working-tips,Top 10 Cold-Weather Working TipsCheck out these 10 cold-weather working tips to maximize your machine's up time in the colder months,No,No,No,No,No,No,No,No,No,No,No,No,No,No,No,No,No,No
https://www.allaccessequipment.com/press,BROWSE ALL POSTS,No,No,No,No,No,No,Yes,No,No,No,No,No,No,No,No,No,No,No
https://www.allaccessequipment.com/quote-request-pt,Get A Quote,No,Yes,No,No,No,No,No,No,No,No,No,No,No,No,No,No,No,No
https://www.allaccessequipment.com/industries,Learn More,No,No,No,No,No,No,No,No,No,No,No,No,No,No,No,No,No,No
https://www.allaccessequipment.com/quote-request-pt,Request A Quote,No,Yes,No,No,No,No,No,No,No,No,No,No,No,No,No,No,No,No
https://www.allaccessequipment.com/,Home,No,No,No,No,No,No,No,No,No,No,No,No,No,No,No,No,No,No
https://www.allaccessequipment.com/industries,Industries,No,No,No,No,No,No,No,No,No,No,No,No,No,No,No,No,No,No
https://www.allaccessequipment.com/about-us,Company,Yes,No,No,No,No,No,No,No,No,No,No,No,No,No,No,No,No,No
https://www.allaccessequipment.com/service,Service,No,No,No,No,Yes,No,No,No,No,No,No,No,No,No,No,No,No,No
https://www.allaccessequipment.com/parts,Parts,No,No,No,No,No,No,No,No,No,No,No,No,No,No,No,No,No,No
https://www.allaccessequipment.com/#,Education,No,No,No,No,No,No,No,No,No,No,No,No,No,No,No,No,No,No
https://www.allaccessequipment.com/press,Press,No,No,No,No,No,No,Yes,No,No,No,No,No,No,No,No,No,No,No
https://www.allaccessequipment.com/cmc-tracked-aerial-lifts,Tracked Aerial Lifts,No,No,No,No,No,No,No,No,No,No,No,No,No,No,No,No,No,No
https://www.allaccessequipment.com/cmc-lift-series,Browse All Series,No,No,No,No,No,No,No,No,No,No,No,No,No,No,No,No,No,No
https://www.allaccessequipment.com/transportation,Transportation,No,No,No,No,No,No,No,No,No,No,No,No,No,No,No,No,No,No
https://www.allaccessequipment.com/carlton-stump-grinders-chippers,Carlton Stump Grinders & Chippers,No,No,No,No,No,No,No,No,No,No,No,No,No,No,No,No,No,No
https://www.allaccessequipment.com/contact-us,Contact Us,No,Yes,No,No,No,No,No,No,No,No,No,No,No,No,No,No,No,No
https://www.allaccessequipment.com/quote-request-pt,Request A Quote,No,Yes,No,No,No,No,No,No,No,No,No,No,No,No,No,No,No,No
https://www.allaccessequipment.com/dealers,Dealers,No,No,No,No,No,No,No,No,No,Yes,No,No,No,No,No,No,No,No
https://www.allaccessequipment.com/frequently-asked-questions,FAQ,No,No,No,No,No,No,No,No,Yes,No,No,No,No,No,No,No,No,No
https://www.allaccessequipment.com/careers,Careers,No,No,No,No,No,Yes,No,No,No,No,No,No,No,No,No,No,No,No
https://www.allaccessequipment.com/privacy-policy,Privacy Policy,No,No,No,No,No,No,No,No,No,No,No,No,Yes,No,No,No,No,No
https://www.facebook.com/allaccessequip/,,No,No,No,No,No,No,No,No,No,No,No,No,No,No,No,No,No,No
https://twitter.com/AllAccessEquip,,No,No,No,No,No,No,No,No,No,No,Yes,No,No,No,No,No,No,No
https://www.instagram.com/allaccessequipment/,,No,No,No,No,No,No,No,No,No,No,Yes,No,No,No,No,No,No,No
https://www.linkedin.com/company/all-access-equipment,,Yes,No,No,No,No,No,No,No,No,No,Yes,No,No,No,No,No,No,No
https://www.youtube.com/c/Allaccessequipment,,No,No,No,No,No,No,No,No,No,No,Yes,No,No,No,No,No,No,No
